filename,type,datetime_wib,lat,long,duration_s,segment_id,subject,linked_respondent,notes
IMG_0201.MOV,video,2026-06-18T10:37:43,-6.2021,106.8226,10,,,,
IMG_0202.MOV,video,2026-06-18T10:37:58,-6.2021,106.8226,9,,,,
IMG_0203.MOV,video,2026-06-18T10:38:26,-6.202,106.8225,12,,,,
IMG_0205.MOV,video,2026-06-18T10:39:00,-6.2021,106.8224,5,,,,
IMG_0206.MOV,video,2026-06-18T10:41:04,-6.202,106.8226,7,,,,
IMG_0207.MOV,video,2026-06-18T10:41:58,-6.2018,106.8225,4,,,,
IMG_0208.MOV,video,2026-06-18T10:42:14,-6.2017,106.8225,7,,,,
IMG_3291.HEIC,photo,2026-06-18T10:42:30,-6.201533333333334,106.8226916666667,,,,,
IMG_3292.HEIC,photo,2026-06-18T10:42:32,-6.201466666666667,106.8232633333333,,,,,
IMG_3293.HEIC,photo,2026-06-18T10:42:33,-6.201513333333334,106.8236833333333,,,,,
IMG_0209.MOV,video,2026-06-18T10:42:41,-6.2016,106.8225,4,,,,
IMG_3294.HEIC,photo,2026-06-18T10:42:44,-6.198658333333333,106.8303966666667,,,,,
IMG_0210.HEIC,photo,2026-06-18T10:43:23,-6.201458333333333,106.8225783333333,,,,,
IMG_3295.HEIC,photo,2026-06-18T10:43:24,-6.201425,106.8226166666667,,,,,
IMG_0211.MOV,video,2026-06-18T10:43:27,-6.2015,106.8226,3,,,,
IMG_3296.HEIC,photo,2026-06-18T10:43:29,-6.20143,106.82263,,,,,
IMG_0212.MOV,video,2026-06-18T10:43:39,-6.2014,106.8226,1,,,,
IMG_0213.MOV,video,2026-06-18T10:43:44,-6.2014,106.8226,5,,,,
IMG_3297.MOV,video,2026-06-18T10:43:51,-6.2014,106.8226,9,,,,
IMG_0214.MOV,video,2026-06-18T10:44:19,-6.2014,106.8226,5,,,,
IMG_0215.MOV,video,2026-06-18T10:45:10,-6.2014,106.8227,3,,,,
IMG_0216.MOV,video,2026-06-18T10:45:29,-6.2015,106.8227,4,,,,
IMG_3298.HEIC,photo,2026-06-18T10:45:33,-6.201645,106.8227083333333,,,,,
IMG_0217.MOV,video,2026-06-18T10:45:37,-6.2016,106.8227,4,,,,
IMG_3299.HEIC,photo,2026-06-18T10:45:37,-6.201653333333334,106.8226916666667,,,,,
IMG_3300.MOV,video,2026-06-18T10:45:45,-6.2017,106.8227,1,,,,
IMG_3301.MOV,video,2026-06-18T10:45:50,-6.2016,106.8227,10,,,,
IMG_3302.MOV,video,2026-06-18T10:46:10,-6.2016,106.8227,17,,,,
IMG_0218.MOV,video,2026-06-18T10:46:17,-6.2014,106.8228,4,,,,
IMG_0219.MOV,video,2026-06-18T10:46:58,-6.2017,106.8228,6,,,,
IMG_0220.MOV,video,2026-06-18T10:47:21,-6.2018,106.8228,8,,,,
IMG_3303.HEIC,photo,2026-06-18T10:47:29,-6.201836666666667,106.822845,,,,,
IMG_3304.HEIC,photo,2026-06-18T10:47:35,-6.201786666666667,106.8228133333333,,,,,
IMG_0221.MOV,video,2026-06-18T10:48:35,-6.202,106.8227,6,,,,
IMG_0222.MOV,video,2026-06-18T10:50:48,-6.2029,106.8225,4,,,,
IMG_3305.HEIC,photo,2026-06-18T10:51:31,-6.203283333333333,106.8223883333333,,,,,
IMG_0223.MOV,video,2026-06-18T10:51:32,-6.2032,106.8225,7,,,,
IMG_3306.HEIC,photo,2026-06-18T10:51:38,-6.2033,106.82238,,,,,
IMG_0224.MOV,video,2026-06-18T10:51:53,-6.2034,106.8224,4,,,,
IMG_0225.MOV,video,2026-06-18T10:52:26,-6.2037,106.8223,5,,,,
IMG_3307.HEIC,photo,2026-06-18T10:52:28,-6.20383,106.8221966666667,,,,,
IMG_0226.MOV,video,2026-06-18T10:52:33,-6.2038,106.8222,2,,,,
IMG_3308.MOV,video,2026-06-18T10:52:35,-6.2038,106.8221,26,,,,
IMG_3309.HEIC,photo,2026-06-18T10:55:02,-6.20432,106.8220666666667,,,,,
IMG_0227.HEIC,photo,2026-06-18T10:55:04,-6.204308333333334,106.822205,,,,,
IMG_0228.MOV,video,2026-06-18T10:55:07,-6.2044,106.8221,6,,,,
IMG_0229.mov,video,2026-06-18T10:57:47,-6.2042,106.8221,4,,,,
IMG_0230.MOV,video,2026-06-18T11:08:39,-6.2043,106.8222,9,,,,
IMG_0231.HEIC,photo,2026-06-18T11:19:38,-6.194455,106.8144916666667,,,,,
IMG_0232.MOV,video,2026-06-18T11:19:41,-6.1941,106.8146,8,,,,
IMG_0233.MOV,video,2026-06-18T11:56:54,-6.1943,106.8227,6,,,,
IMG_0234.MOV,video,2026-06-18T12:00:36,-6.1925,106.823,7,,,,
IMG_0235.HEIC,photo,2026-06-18T12:13:12,-6.202003333333334,106.8232033333333,,,,,
IMG_0236.HEIC,photo,2026-06-18T12:13:19,-6.20205,106.8232283333333,,,,,
IMG_0237.HEIC,photo,2026-06-18T12:17:28,-6.202033333333334,106.8233333333333,,,,,
IMG_0238.MOV,video,2026-06-18T12:19:44,-6.2023,106.8232,19,,,,
IMG_0239.MOV,video,2026-06-18T12:20:18,-6.2023,106.8231,5,,,,
IMG_0240.MOV,video,2026-06-18T12:21:06,-6.2023,106.8231,3,,,,
IMG_3318.HEIC,photo,2026-06-18T12:21:48,-6.202353333333333,106.823045,,,,,
IMG_0241.HEIC,photo,2026-06-18T12:32:15,-6.20462,106.8225866666667,,,,,
IMG_3319.HEIC,photo,2026-06-18T12:32:17,-6.204586666666667,106.822625,,,,,
IMG_0242.MOV,video,2026-06-18T12:32:41,-6.2047,106.8226,3,,,,
IMG_0243.MOV,video,2026-06-18T12:35:39,-6.2052,106.8225,3,,,,
IMG_0244.MOV,video,2026-06-18T12:37:48,-6.2052,106.8226,8,,,,
IMG_0245.MOV,video,2026-06-18T12:39:09,-6.2056,106.8223,5,,,,
IMG_0246.MOV,video,2026-06-18T12:39:28,-6.2058,106.8225,4,,,,
IMG_0247.MOV,video,2026-06-18T12:45:36,-6.2076,106.8222,5,,,,
IMG_3320.MOV,video,2026-06-18T12:45:47,-6.2076,106.8214,5,,,,
IMG_0248.HEIC,photo,2026-06-18T12:46:44,-6.207936666666667,106.82232,,,,,
IMG_0249.HEIC,photo,2026-06-18T12:47:03,-6.207978333333333,106.8219916666667,,,,,
IMG_0250.HEIC,photo,2026-06-18T12:47:04,-6.207958333333333,106.822205,,,,,
IMG_0251.MOV,video,2026-06-18T13:02:54,-6.2156,106.8177,8,,,,
IMG_3324.MOV,video,2026-06-18T13:03:30,-6.2156,106.8174,11,,,,
IMG_0252.MOV,video,2026-06-18T13:03:32,-6.2157,106.8176,10,,,,
IMG_3328.HEIC,photo,2026-06-18T13:05:55,-6.216203333333334,106.816795,,,,,
IMG_3329.HEIC,photo,2026-06-18T13:06:01,-6.216203333333334,106.8168116666667,,,,,
IMG_0253.MOV,video,2026-06-18T13:06:09,-6.2162,106.8169,6,,,,
IMG_0254.MOV,video,2026-06-18T13:06:41,-6.2162,106.8168,8,,,,
IMG_3330.HEIC,photo,2026-06-18T13:06:42,-6.216195,106.8168116666667,,,,,
IMG_3331.HEIC,photo,2026-06-18T13:06:54,-6.2162,106.8168416666667,,,,,
IMG_3332.HEIC,photo,2026-06-18T13:07:33,-6.21622,106.8168116666667,,,,,
IMG_3333.HEIC,photo,2026-06-18T13:07:46,-6.216205,106.8168116666667,,,,,
IMG_0255.MOV,video,2026-06-18T13:08:43,-6.2165,106.8164,4,,,,
IMG_0256.MOV,video,2026-06-18T13:10:12,-6.2168,106.8154,5,,,,
IMG_0257.MOV,video,2026-06-18T13:12:33,-6.2173,106.8156,1,,,,
IMG_0258.MOV,video,2026-06-18T13:13:15,-6.2173,106.8155,4,,,,
IMG_0259.MOV,video,2026-06-18T13:13:29,-6.2172,106.8156,3,,,,
IMG_0260.MOV,video,2026-06-18T13:14:36,-6.2168,106.8156,4,,,,
IMG_0261.MOV,video,2026-06-18T13:14:47,-6.2164,106.8157,8,,,,
IMG_0262.MOV,video,2026-06-18T13:15:03,-6.2164,106.8157,21,,,,
IMG_0263.MOV,video,2026-06-18T13:15:33,-6.2164,106.8156,6,,,,
IMG_0264.MOV,video,2026-06-18T13:15:44,-6.2169,106.8155,8,,,,
IMG_0265.MOV,video,2026-06-18T13:17:21,-6.2171,106.8153,2,,,,
IMG_3335.HEIC,photo,2026-06-18T13:19:57,-6.221086666666666,106.81028,,,,,
IMG_0266.HEIC,photo,2026-06-18T13:21:07,-6.221333333333333,106.809945,,,,,
IMG_0267.MOV,video,2026-06-18T13:21:10,-6.2213,106.8099,8,,,,
IMG_0268.MOV,video,2026-06-18T13:24:01,-6.2219,106.8095,6,,,,
IMG_0269.MOV,video,2026-06-18T13:25:06,-6.2222,106.8093,5,,,,
IMG_0270.MOV,video,2026-06-18T13:34:01,-6.2226,106.8091,7,,,,
IMG_0271.MOV,video,2026-06-18T13:34:58,-6.2225,106.8089,7,,,,
IMG_0272.MOV,video,2026-06-18T13:37:36,-6.2229,106.8081,4,,,,
IMG_3339.HEIC,photo,2026-06-18T13:38:17,-6.222813333333334,106.8085416666667,,,,,
IMG_3340.HEIC,photo,2026-06-18T13:40:29,-6.222745,106.8085416666667,,,,,
IMG_3341.MOV,video,2026-06-18T13:42:53,-6.2229,106.8086,16,,,,
IMG_3342.HEIC,photo,2026-06-18T13:45:14,-6.222871666666666,106.8086383333333,,,,,
